"race_census","n","actual","target","target/actual","weight"
"other",61,0.029186602870813396,0.008547479244797486,"0.00854747924479749/0.0291866028708134",0.29285625609224175
"black or african american",477,0.22822966507177034,0.13528920536780678,"0.135289205367807/0.22822966507177",0.5927766021356733
"native hawaiian or pacific islander",1,4.784688995215311e-4,2.9624316305152835e-4,"0.000296243163051528/0.000478468899521531",0.6191482107776942
"hispanic or latinx",538,0.2574162679425837,0.18186607708102898,"0.181866077081029/0.257416267942584",0.706505764125187
"asian",244,0.11674641148325358,0.09644585901349037,"0.0964458590134904/0.116746411483254",0.8261141202385036
"indigenous american / first nations (including american indian or alaska native)",6,0.0028708133971291866,0.002649405913115473,"0.00264940591311547/0.00287081339712919",0.9228763930685565
"two or more races",55,0.02631578947368421,0.03031078493560627,"0.0303107849356063/0.0263157894736842",1.1518098275530384
"white (non-hispanic or latino)",708,0.33875598086124403,0.5445949452811031,"0.544594945281103/0.338755980861244",1.6076319712394145
