"race_census","n","actual","target","target/actual","weight"
"other",14,0.027079303675048357,0.008547479244797486,"0.00854747924479749/0.0270793036750484",0.3156461978257357
"hispanic or latinx",212,0.41005802707930367,0.18186607708102898,"0.181866077081029/0.410058027079304",0.4435130275985471
"black or african american",123,0.2379110251450677,0.13528920536780678,"0.135289205367807/0.237911025145068",0.5686546274402935
"two or more races",24,0.04642166344294004,0.03031078493560627,"0.0303107849356063/0.04642166344294",0.6529448254878517
"indigenous american / first nations (including american indian or alaska native)",1,0.0019342359767891683,0.002649405913115473,"0.00264940591311547/0.00193423597678917",1.3697428570806995
"asian",25,0.048355899419729204,0.09644585901349037,"0.0964458590134904/0.0483558994197292",1.994500364398981
"white (non-hispanic or latino)",118,0.22823984526112184,0.5445949452811031,"0.544594945281103/0.228239845261122",2.3860642941553416
