"race_census","n","actual","target","target/actual","weight"
"other",51,0.033932135728542916,0.008547479244797486,"0.00854747924479749/0.0339321357285429",0.25189924127314944
"hispanic or latinx",442,0.2940785096473719,0.18186607708102898,"0.181866077081029/0.294078509647372",0.6184269544180692
"black or african american",311,0.20691949434464404,0.13528920536780678,"0.135289205367807/0.206919494344644",0.653825323690719
"asian",200,0.1330671989354624,0.09644585901349037,"0.0964458590134904/0.133067198935462",0.7247906304863801
"indigenous american / first nations (including american indian or alaska native)",5,0.00332667997338656,0.002649405913115473,"0.00264940591311547/0.00332667997338656",0.7964114174825112
"two or more races",44,0.02927478376580173,0.03031078493560627,"0.0303107849356063/0.0292747837658017",1.0353888581412778
"white (non-hispanic or latino)",450,0.2994011976047904,0.5445949452811031,"0.544594945281103/0.29940119760479",1.8189471172388845
