"race_census","n","actual","target","target/actual","weight"
"other",47,0.03201634877384196,0.008547479244797486,"0.00854747924479749/0.032016348773842",0.26697233045452573
"hispanic or latinx",435,0.2963215258855586,0.18186607708102898,"0.181866077081029/0.296321525885559",0.6137457497814954
"black or african american",303,0.2064032697547684,0.13528920536780678,"0.135289205367807/0.206403269754768",0.6554605725410573
"asian",196,0.1335149863760218,0.09644585901349037,"0.0964458590134904/0.133514986376022",0.7223598011826727
"indigenous american / first nations (including american indian or alaska native)",5,0.0034059945504087193,0.002649405913115473,"0.00264940591311547/0.00340599455040872",0.777865576090703
"two or more races",43,0.029291553133514985,0.03031078493560627,"0.0303107849356063/0.029291553133515",1.034796099662093
"white (non-hispanic or latino)",439,0.29904632152588556,0.5445949452811031,"0.544594945281103/0.299046321525886",1.8211056484570827
