"race_census","n","actual","target","target/actual","weight"
"other",29,0.03299203640500569,0.008547479244797486,"0.00854747924479749/0.0329920364050057",0.25907704331644793
"hispanic or latinx",283,0.32195676905574516,0.18186607708102898,"0.181866077081029/0.321956769055745",0.5648773206863056
"black or african american",196,0.2229806598407281,0.13528920536780678,"0.135289205367807/0.222980659840728",0.6067306710117457
"indigenous american / first nations (including american indian or alaska native)",3,0.0034129692832764505,0.002649405913115473,"0.00264940591311547/0.00341296928327645",0.7762759325428336
"two or more races",31,0.03526734926052332,0.03031078493560627,"0.0303107849356063/0.0352673492605233",0.8594574180128358
"asian",53,0.06029579067121729,0.09644585901349037,"0.0964458590134904/0.0602957906712173",1.5995454730727932
"white (non-hispanic or latino)",284,0.323094425483504,0.5445949452811031,"0.544594945281103/0.323094425483504",1.685559707401724
