"race_census","n","actual","target","target/actual","weight"
"other",13,0.028199566160520606,0.008547479244797486,"0.00854747924479749/0.0281995661605206",0.3031067639885878
"hispanic or latinx",193,0.41865509761388287,0.18186607708102898,"0.181866077081029/0.418655097613883",0.43440550017800184
"black or african american",108,0.23427331887201736,0.13528920536780678,"0.135289205367807/0.234273318872017",0.5774844784681382
"two or more races",24,0.052060737527114966,0.03031078493560627,"0.0303107849356063/0.052060737527115",0.5822196606381038
"indigenous american / first nations (including american indian or alaska native)",1,0.0021691973969631237,0.002649405913115473,"0.00264940591311547/0.00216919739696312",1.221376125946233
"asian",21,0.0455531453362256,0.09644585901349037,"0.0964458590134904/0.0455531453362256",2.1172162383437647
"white (non-hispanic or latino)",101,0.21908893709327548,0.5445949452811031,"0.544594945281103/0.219088937093275",2.4857254433127576
