"race_census","n","actual","target","target/actual","weight"
"other",65,0.02878653675819309,0.008547479244797486,"0.00854747924479749/0.0287865367581931",0.2969262789961958
"black or african american",509,0.2254207263064659,0.13528920536780678,"0.135289205367807/0.225420726306466",0.6001631153644552
"native hawaiian or pacific islander",1,4.428697962798937e-4,2.9624316305152835e-4,"0.000296243163051528/0.000442869796279894",0.668917062170351
"hispanic or latinx",595,0.26350752878653677,0.18186607708102898,"0.181866077081029/0.263507528786537",0.6901741210906948
"asian",249,0.11027457927369354,0.09644585901349037,"0.0964458590134904/0.110274579273694",0.874597388162495
"indigenous american / first nations (including american indian or alaska native)",6,0.002657218777679362,0.002649405913115473,"0.00264940591311547/0.00265721877767936",0.9970597586357898
"two or more races",59,0.02612931798051373,0.03031078493560627,"0.0303107849356063/0.0261293179805137",1.1600297014338807
"white (non-hispanic or latino)",774,0.34278122232063774,0.5445949452811031,"0.544594945281103/0.342781222320638",1.5887537292567582
